source,payload,mechanism,title,date,url,evidence_type,status
PubMed,amanitin,RNA polymerase II inhibitor,Transforming toxins into treatments: the revolutionary role of α-amanitin in cancer therapy.,2024-01-01,https://pubmed.ncbi.nlm.nih.gov/38555326/,paper,auto_parsed_pending_review
PubMed,amanitin,RNA polymerase II inhibitor,Novel Anti-B-cell Maturation Antigen Alpha-Amanitin Antibody-drug Conjugate HDP-101 Shows Superior Activity to Belantamab Mafodotin and Enhanced Efficacy in Deletion 17p Myeloma Models.,2024-01-01,https://pubmed.ncbi.nlm.nih.gov/38260385/,paper,auto_parsed_pending_review
PubMed,amanitin,RNA polymerase II inhibitor,Novel Amanitin-Based Antibody-Drug Conjugates Targeting TROP2 for the Treatment of Pancreatic Cancer.,2025-01-01,https://pubmed.ncbi.nlm.nih.gov/39564769/,paper,auto_parsed_pending_review
PubMed,amanitin,RNA polymerase II inhibitor,Amanitin-Based Fc-Small Molecule Drug Conjugates with Non-Cleavable Linker: A Novel Therapeutic Strategy for Prostate Cancer Targeted Therapy.,2026-01-01,https://pubmed.ncbi.nlm.nih.gov/41841414/,paper,auto_parsed_pending_review
Google Patents Search,amanitin,RNA polymerase II inhibitor,amanitin / alpha-amanitin 类 专利检索入口（待 IP 人工复核）,2026-01-01,https://patents.google.com/?q=amanitin+%2F+alpha-amanitin+%E7%B1%BB+antibody+drug+conjugate+payload+linker+patent,patent_search_seed,flagged_needs_review
News Search Seed,amanitin,RNA polymerase II inhibitor,amanitin / alpha-amanitin 类 新闻/公司动态检索入口（待人工复核）,2026-01-01,https://news.google.com/search?q=amanitin+%2F+alpha-amanitin+%E7%B1%BB+ADC+payload+company+news+clinical+update,news_search_seed,flagged_needs_review
PubMed,amanitin,RNA polymerase II inhibitor,Amatoxin-derived payloads and their antibody-drug conjugate: unique bicyclopeptide ADCs exhibiting targeted antitumor activity.,2026-01-01,https://pubmed.ncbi.nlm.nih.gov/41875754/,paper,auto_parsed_pending_review
PubMed,amanitin,RNA polymerase II inhibitor,"Fungal ribosomally synthesized and post-translationally modified peptides (F-RiPPs): Biosynthesis, genome mining, structural diversity, and translational potential as targeted anticancer ADC payloads.",2026-01-01,https://pubmed.ncbi.nlm.nih.gov/42119713/,paper,auto_parsed_pending_review
PubMed,amanitin,RNA polymerase II inhibitor,Advances in Immunotherapy for HER2 Low-Expressing Triple-Negative Breast Cancer.,2025-01-01,https://pubmed.ncbi.nlm.nih.gov/41356427/,paper,auto_parsed_pending_review
PubMed,amanitin,RNA polymerase II inhibitor,Site-Specific Modification of Native IgGs with Flexible Drug-Load.,2025-01-01,https://pubmed.ncbi.nlm.nih.gov/39305147/,paper,auto_parsed_pending_review
PubMed,amanitin,RNA polymerase II inhibitor,Natural-source payloads used in the conjugated drugs architecture for cancer therapy: Recent advances and future directions.,2024-01-01,https://pubmed.ncbi.nlm.nih.gov/39134188/,paper,auto_parsed_pending_review
PubMed,amanitin,RNA polymerase II inhibitor,Sulfoxides in medicine.,2023-01-01,https://pubmed.ncbi.nlm.nih.gov/37307682/,paper,auto_parsed_pending_review
OpenAlex,amanitin,RNA polymerase II inhibitor,"Antibody-Drug Conjugates in Oncology: Mechanisms, Clinical Progress, and Future Directions",2026-05-12,https://doi.org/10.66505/cbtt.v1i2.32,paper_metadata,auto_parsed_pending_review
OpenAlex,amanitin,RNA polymerase II inhibitor,Amatoxins Against Cancer,2026-05-13,https://doi.org/10.5281/zenodo.20160482,paper_metadata,auto_parsed_pending_review
OpenAlex,amanitin,RNA polymerase II inhibitor,Amatoxins Against Cancer,2026-05-13,https://doi.org/10.5281/zenodo.20160483,paper_metadata,auto_parsed_pending_review
OpenAlex,amanitin,RNA polymerase II inhibitor,Peptide Tag-nology for Preparation of Site-Specific Antibody–Drug Conjugates,2026-05-20,https://doi.org/10.1021/acs.bioconjchem.6c00154,paper_metadata,auto_parsed_pending_review
OpenAlex,amanitin,RNA polymerase II inhibitor,"A phase 1/2, first-in-human, open-label, dose-escalation and -expansion study of TAK-188, a novel antibody-drug conjugate (ADC) targeting CCR8 <sup>+</sup> regulatory T cells, in adult patients with locally advanced or metastatic solid tumors.",2026-05-28,https://doi.org/10.1200/jco.2026.44.16_suppl.tps3155,paper_metadata,auto_parsed_pending_review
OpenAlex,amanitin,RNA polymerase II inhibitor,"Antibody–drug conjugates in colorectal cancer: molecular design, preclinical advances, and translational challenges",2026-05-28,https://doi.org/10.1007/s00280-026-04906-9,paper_metadata,auto_parsed_pending_review
OpenAlex,amanitin,RNA polymerase II inhibitor,Current positioning and future development of belantamab mafodotin and other antibody-drug conjugates to treat multiple myeloma,2026-06-10,https://doi.org/10.3389/fonc.2026.1822419,paper_metadata,auto_parsed_pending_review
OpenAlex,amanitin,RNA polymerase II inhibitor,"Antibody-drug conjugates in gynecologic malignancies: breakthroughs, challenges, and future directions",2026-06-15,https://doi.org/10.3389/fimmu.2026.1831465,paper_metadata,auto_parsed_pending_review
Crossref,amanitin,RNA polymerase II inhibitor,Targeting Efflux Pumps and Biofilm Formation in Multi-Drug Resistance Proteus Mirabilis Using Berberine and Nano-Based Compounds,2027-04-01,https://doi.org/10.21608/ejmm.2026.485691.2384,paper_metadata,flagged_needs_review
Crossref,amanitin,RNA polymerase II inhibitor,Evaluating circulating tumor DNA methylation patterns of a multi-gene panel for colorectal cancer diagnosis: A pilot study,2027-01-01,https://doi.org/10.1016/j.cca.2026.121191,paper_metadata,flagged_needs_review
Crossref,amanitin,RNA polymerase II inhibitor,Nanotechnology and drug delivery: Fundamentals and applications,2027-01-01,https://doi.org/10.1016/b978-0-443-44119-6.00017-3,paper_metadata,flagged_needs_review
Crossref,amanitin,RNA polymerase II inhibitor,"Folate/mannose dual-ligand lipid shell-coated ZnMnO2 nanoflowers for DRP-104 delivery, immunometabolic modulation, and enhanced lung cancer immunotherapy",2027-02-01,https://doi.org/10.1016/j.jmst.2026.05.034,paper_metadata,flagged_needs_review
Crossref,amanitin,RNA polymerase II inhibitor,Multiscale analysis of a mathematical model of human papillomavirus with combined therapy and progression to cervical cancer,2027-02-01,https://doi.org/10.1016/j.nonrwa.2026.104654,paper_metadata,flagged_needs_review
Crossref,amanitin,RNA polymerase II inhibitor,Traveling wave solutions in a reaction-diffusion within-host HIV epidemic model with distributed delays and drug therapy,2027-02-01,https://doi.org/10.1016/j.nonrwa.2026.104684,paper_metadata,flagged_needs_review
Crossref,amanitin,RNA polymerase II inhibitor,In Vitro Killing of Multi-Drug Resistant Microorganisms Isolated from Ventilator Associated Pneumonia by Nanoparticles,2027-04-01,https://doi.org/10.21608/ejmm.2026.481052.2331,paper_metadata,flagged_needs_review
Crossref,amanitin,RNA polymerase II inhibitor,Association of HOTAIR single Nucleotide Polymorphisms (rs920778 and rs12826786) with Breast Cancer: An Egyptian Study,2027-04-01,https://doi.org/10.21608/ejmm.2026.485454.2379,paper_metadata,flagged_needs_review
ClinicalTrials.gov,DM1,microtubule inhibitor,Trial of Neoadjuvant Trastuzumab Emtansine in Patients With HER2-Equivocal Breast Cancer,2016-09-12,https://clinicaltrials.gov/study/NCT02725541,clinical_trial,auto_parsed_pending_review
ClinicalTrials.gov,DM1,microtubule inhibitor,T-DM1 With or Without Abemaciclib for the Treatment of HER2-Positive Metastatic Breast Cancer,2022-05-25,https://clinicaltrials.gov/study/NCT04351230,clinical_trial,auto_parsed_pending_review
ClinicalTrials.gov,DM1,microtubule inhibitor,Liquid Biopsy: Intercepting Mutational Trajectories of HER2 (Human Epidermal Growth Factor Receptor 2) Breast Cancer (GIM21 Trial),2023-02-09,https://clinicaltrials.gov/study/NCT05735392,clinical_trial,auto_parsed_pending_review
ClinicalTrials.gov,DM1,microtubule inhibitor,"A Prospective, Randomized Multicenter, Open-label Comparison of Preoperative Trastuzumab Emtansine (T-DM1) With or Without Standard Endocrine Therapy vs. Trastuzumab With Standard Endocrine Therapy Given for Twelve Weeks in Patients With Operable HER2+/HR+ Breast Cancer Within the ADAPT Protocol.",2025-02-25,https://clinicaltrials.gov/study/NCT01745965,clinical_trial,auto_parsed_pending_review
ClinicalTrials.gov,DM1,microtubule inhibitor,The SAPPHO Study: Sequential Therapy With Curative Intent in de Novo HER2+ Metastatic Breast Cancer,2025-06-23,https://clinicaltrials.gov/study/NCT06439693,clinical_trial,auto_parsed_pending_review
ClinicalTrials.gov,DM1,microtubule inhibitor,Clinical Trial of TQB2102 for Injection Versus Trastuzumab Emtansine for Injection in HER2-positive Advanced Breast Cancer,2025-08-10,https://clinicaltrials.gov/study/NCT07008976,clinical_trial,auto_parsed_pending_review
ClinicalTrials.gov,DM1,microtubule inhibitor,A Study to Compare DB-1303/BNT323 Versus T-DM1 in Breast Cancer,2025-10-15,https://clinicaltrials.gov/study/NCT06265428,clinical_trial,auto_parsed_pending_review
ClinicalTrials.gov,DM1,microtubule inhibitor,"SHR-A1811 Plus Pertuzumab as Neoadjuvant Therapy for Early or Locally Advanced HR-Positive HER2-Positive Breast Cancer: A Prospective, Open-Label, Phase II Study",2025-12-14,https://clinicaltrials.gov/study/NCT07307287,clinical_trial,auto_parsed_pending_review
PubMed,DM1,microtubule inhibitor,Prognostic Role of Inflammatory Indices and Real-World Outcomes in HER2-Positive Metastatic Breast Cancer Treated with Trastuzumab Emtansine.,2026-01-01,https://pubmed.ncbi.nlm.nih.gov/42279613/,paper,auto_parsed_pending_review
PubMed,DM1,microtubule inhibitor,Safety of concurrent T-DM1 and radiation therapy in HER2-positive breast cancer with residual disease after neoadjuvant chemotherapy.,2026-01-01,https://pubmed.ncbi.nlm.nih.gov/42240561/,paper,auto_parsed_pending_review
PubMed,DM1,microtubule inhibitor,"A chemotherapy-free, pathological response-adapted strategy using trastuzumab-pertuzumab and T-DM1 in HER2-positive early breast cancer: the PHERGain-2 study.",2026-01-01,https://pubmed.ncbi.nlm.nih.gov/42097893/,paper,auto_parsed_pending_review
PubMed,DM1,microtubule inhibitor,Antibody-drug conjugate sequencing in HER2-positive metastatic breast cancer: Real-world outcomes of trastuzumab deruxtecan with and without prior T-DM1 exposure.,2026-01-01,https://pubmed.ncbi.nlm.nih.gov/41980521/,paper,auto_parsed_pending_review
PubMed,DM1,microtubule inhibitor,Potency and safety of novel [(225)Ac]Ac-labeled pertuzumab-PEGylated emtansine drug conjugate against HER2-positive breast cancer.,2026-01-01,https://pubmed.ncbi.nlm.nih.gov/41946831/,paper,auto_parsed_pending_review
PubMed,DM1,microtubule inhibitor,"Pharmacovigilance study and development of a clinical decision flowchart for personalized selection of trastuzumab, T-DXd, and T-DM1 in breast cancer patients.",2026-01-01,https://pubmed.ncbi.nlm.nih.gov/41518486/,paper,auto_parsed_pending_review
Google Patents Search,DM1,microtubule inhibitor,DM1 / emtansine 类 专利检索入口（待 IP 人工复核）,2026-01-01,https://patents.google.com/?q=DM1+%2F+emtansine+%E7%B1%BB+antibody+drug+conjugate+payload+linker+patent,patent_search_seed,flagged_needs_review
News Search Seed,DM1,microtubule inhibitor,DM1 / emtansine 类 新闻/公司动态检索入口（待人工复核）,2026-01-01,https://news.google.com/search?q=DM1+%2F+emtansine+%E7%B1%BB+ADC+payload+company+news+clinical+update,news_search_seed,flagged_needs_review
ClinicalTrials.gov,DM1,microtubule inhibitor,HER2 Molecular Imaging With 89Zr-trastuzumab PET/CT as a Predictive Biomarker for Antibody-drug Conjugate Sequencing in Patients With Advanced HER2-positive Breast Cancer,2026-05-06,https://clinicaltrials.gov/study/NCT06595563,clinical_trial,auto_parsed_pending_review
ClinicalTrials.gov,DM1,microtubule inhibitor,Serial Measurements of Molecular and Architectural Responses to Therapy (SMMART) PRIME Trial,2024-02-29,https://clinicaltrials.gov/study/NCT03878524,clinical_trial,auto_parsed_pending_review
PubMed,DM1,microtubule inhibitor,"Next-generation antibody-drug conjugates in drug-resistant solid tumors: promise, toxicity, and the emerging challenge of acquired resistance.",2026-01-01,https://pubmed.ncbi.nlm.nih.gov/42254250/,paper,auto_parsed_pending_review
PubMed,DM1,microtubule inhibitor,Impact of less invasive axillary staging procedures after neoadjuvant systemic therapy on adjuvant systemic therapy indications in HER2-positive and triple-negative breast cancer.,2026-01-01,https://pubmed.ncbi.nlm.nih.gov/42000404/,paper,auto_parsed_pending_review
PubMed,DM1,microtubule inhibitor,Impact of trastuzumab deruxtecan (T-DXd) and brain stereotactic radiosurgery on intracranial control and radionecrosis risk in HER2-positive or -low breast cancer brain metastases.,2026-01-01,https://pubmed.ncbi.nlm.nih.gov/41875806/,paper,auto_parsed_pending_review
PubMed,DM1,microtubule inhibitor,A pH-responsive dual-drug nanoplatform for stromal remodeling and enhanced chemotherapy via MMP3/TGF-β inhibition.,2026-01-01,https://pubmed.ncbi.nlm.nih.gov/41583062/,paper,auto_parsed_pending_review
OpenAlex,DM1,microtubule inhibitor,Case Report: Persistent severe thrombocytopenia after adjuvant ado-trastuzumab emtansine with sequential bone marrow findings and romiplostim support,2026-06-17,https://doi.org/10.3389/fonc.2026.1859304,paper_metadata,auto_parsed_pending_review
OpenAlex,DM1,microtubule inhibitor,Nanotechnology integration in oncology for advanced nanoparticle based strategies in targeted cancer diagnosis and treatment,2026-06-10,https://doi.org/10.1186/s11671-026-04643-1,paper_metadata,auto_parsed_pending_review
OpenAlex,DM1,microtubule inhibitor,Current positioning and future development of belantamab mafodotin and other antibody-drug conjugates to treat multiple myeloma,2026-06-10,https://doi.org/10.3389/fonc.2026.1822419,paper_metadata,auto_parsed_pending_review
OpenAlex,DM1,microtubule inhibitor,"Antibody-drug conjugates in gynecologic malignancies: breakthroughs, challenges, and future directions",2026-06-15,https://doi.org/10.3389/fimmu.2026.1831465,paper_metadata,auto_parsed_pending_review
OpenAlex,DM1,microtubule inhibitor,Figure 5 from Advanced CD276-Targeting Dual-Payload Antibody–Drug Conjugates for Cancer Therapy,2026-06-17,https://doi.org/10.1158/2767-9764.32702379,paper_metadata,auto_parsed_pending_review
OpenAlex,DM1,microtubule inhibitor,Figure 2 from Advanced CD276-Targeting Dual-Payload Antibody–Drug Conjugates for Cancer Therapy,2026-06-17,https://doi.org/10.1158/2767-9764.32702391,paper_metadata,auto_parsed_pending_review
OpenAlex,DM1,microtubule inhibitor,Figure 3 from Advanced CD276-Targeting Dual-Payload Antibody–Drug Conjugates for Cancer Therapy,2026-06-17,https://doi.org/10.1158/2767-9764.32702388,paper_metadata,auto_parsed_pending_review
OpenAlex,DM1,microtubule inhibitor,Past present and future of radiosensitization in cervical cancer,2026-06-19,https://doi.org/10.3389/fonc.2026.1846581,paper_metadata,auto_parsed_pending_review
Crossref,DM1,microtubule inhibitor,Targeting Efflux Pumps and Biofilm Formation in Multi-Drug Resistance Proteus Mirabilis Using Berberine and Nano-Based Compounds,2027-04-01,https://doi.org/10.21608/ejmm.2026.485691.2384,paper_metadata,flagged_needs_review
Crossref,DM1,microtubule inhibitor,Evaluating circulating tumor DNA methylation patterns of a multi-gene panel for colorectal cancer diagnosis: A pilot study,2027-01-01,https://doi.org/10.1016/j.cca.2026.121191,paper_metadata,flagged_needs_review
Crossref,DM1,microtubule inhibitor,A study of the Effect of Radiotherapy and Chemotherapy on some Immunological Parameters in Breast Cancer Patients,2027-01-01,https://doi.org/10.21608/ejmm.2026.467222.2183,paper_metadata,flagged_needs_review
Crossref,DM1,microtubule inhibitor,"Folate/mannose dual-ligand lipid shell-coated ZnMnO2 nanoflowers for DRP-104 delivery, immunometabolic modulation, and enhanced lung cancer immunotherapy",2027-02-01,https://doi.org/10.1016/j.jmst.2026.05.034,paper_metadata,flagged_needs_review
Crossref,DM1,microtubule inhibitor,Multiscale analysis of a mathematical model of human papillomavirus with combined therapy and progression to cervical cancer,2027-02-01,https://doi.org/10.1016/j.nonrwa.2026.104654,paper_metadata,flagged_needs_review
Crossref,DM1,microtubule inhibitor,Traveling wave solutions in a reaction-diffusion within-host HIV epidemic model with distributed delays and drug therapy,2027-02-01,https://doi.org/10.1016/j.nonrwa.2026.104684,paper_metadata,flagged_needs_review
Crossref,DM1,microtubule inhibitor,In Vitro Killing of Multi-Drug Resistant Microorganisms Isolated from Ventilator Associated Pneumonia by Nanoparticles,2027-04-01,https://doi.org/10.21608/ejmm.2026.481052.2331,paper_metadata,flagged_needs_review
Crossref,DM1,microtubule inhibitor,Association of HOTAIR single Nucleotide Polymorphisms (rs920778 and rs12826786) with Breast Cancer: An Egyptian Study,2027-04-01,https://doi.org/10.21608/ejmm.2026.485454.2379,paper_metadata,flagged_needs_review
ClinicalTrials.gov,DM4,microtubule inhibitor,Maytansinoid DM4-Conjugated Humanized Monoclonal Antibody huC242 in Treating Patients With Solid Tumors,2010-03-16,https://clinicaltrials.gov/study/NCT00352131,clinical_trial,auto_parsed_pending_review
ClinicalTrials.gov,DM4,microtubule inhibitor,Phase Ib Study of Anetumab Ravtansine in Combination With Pegylated Liposomal Doxorubicin in Patients With Recurrent Mesothelin-expressing Platinum-resistant Cancer,2019-11-21,https://clinicaltrials.gov/study/NCT02751918,clinical_trial,auto_parsed_pending_review
ClinicalTrials.gov,DM4,microtubule inhibitor,"A Study of Mirvetuximab Soravtansine in Platinum-Resistant, Advanced High-Grade Epithelial Ovarian, Primary Peritoneal, or Fallopian Tube Cancers With High Folate Receptor-Alpha Expression",2024-07-31,https://clinicaltrials.gov/study/NCT04296890,clinical_trial,auto_parsed_pending_review
PubMed,DM4,microtubule inhibitor,Mirvetuximab soravtansine in platinum-resistant ovarian cancer: from biological rationale to clinical impact and future directions.,2026-01-01,https://pubmed.ncbi.nlm.nih.gov/42287581/,paper,auto_parsed_pending_review
PubMed,DM4,microtubule inhibitor,Intracranial activity of mirvetuximab soravtansine in platinum-resistant high-grade serous ovarian cancer: Insights from a patient with central nervous system metastasis.,2026-01-01,https://pubmed.ncbi.nlm.nih.gov/42111277/,paper,auto_parsed_pending_review
PubMed,DM4,microtubule inhibitor,"Phase Ib trial of SL-172154, a bispecific CD47 inhibitor and CD40 agonist Fc-fusion protein, in combination with mirvetuximab soravtansine or pegylated liposomal doxorubicin in patients with platinum-resistant ovarian cancer.",2026-01-01,https://pubmed.ncbi.nlm.nih.gov/41951722/,paper,auto_parsed_pending_review
Google Patents Search,DM4,microtubule inhibitor,DM4 / ravtansine 类 专利检索入口（待 IP 人工复核）,2026-01-01,https://patents.google.com/?q=DM4+%2F+ravtansine+%E7%B1%BB+antibody+drug+conjugate+payload+linker+patent,patent_search_seed,flagged_needs_review
ClinicalTrials.gov,DM4,microtubule inhibitor,"A Study to Assess Adverse Events and Change in Disease Activity in Participants With Platinum-Resistant Advanced High-Grade Epithelial Ovarian, Primary Peritoneal, or Fallopian Tube Cancers With High Folate Receptor-Alpha Expression Treated With Intravenously (IV) Infused Mirvetuximab Soravtansine",2026-05-21,https://clinicaltrials.gov/study/NCT06682988,clinical_trial,auto_parsed_pending_review
ClinicalTrials.gov,DM4,microtubule inhibitor,"Mirvetuximab Soravtansine With Bevacizumab Versus Bevacizumab as Maintenance in Platinum-sensitive Epithelial Ovarian, Fallopian Tube, or Peritoneal Cancer",2026-05-29,https://clinicaltrials.gov/study/NCT05445778,clinical_trial,auto_parsed_pending_review
ClinicalTrials.gov,DM4,microtubule inhibitor,"A Study to Assess Anti-Tumor Activity of Intravenously (IV) Infused Carboplatin With Mirvetuximab Soravtansine in Participants With Newly Diagnosed Folate Receptor Alpha (FRα)Expressing Advanced-Stage Serous Epithelial Ovarian, Fallopian Tube or Primary Peritoneal Cancer.",2026-06-15,https://clinicaltrials.gov/study/NCT06890338,clinical_trial,auto_parsed_pending_review
News Search Seed,DM4,microtubule inhibitor,DM4 / ravtansine 类 新闻/公司动态检索入口（待人工复核）,2026-01-01,https://news.google.com/search?q=DM4+%2F+ravtansine+%E7%B1%BB+ADC+payload+company+news+clinical+update,news_search_seed,flagged_needs_review
ClinicalTrials.gov,DM4,microtubule inhibitor,A Three-Part Phase 3 Study of Sofetabart Mipitecan in Participants With Platinum-Resistant (Part A) and Platinum-Sensitive (Parts B and C) Ovarian Cancer,2026-06-11,https://clinicaltrials.gov/study/NCT07213804,clinical_trial,auto_parsed_pending_review
ClinicalTrials.gov,DM4,microtubule inhibitor,SAR3419 in Acute Lymphoblastic Leukemia,2022-09-15,https://clinicaltrials.gov/study/NCT01440179,clinical_trial,auto_parsed_pending_review
PubMed,DM4,microtubule inhibitor,The SDC1-ENO1 Axis in Cancer-Associated Fibroblasts Generates a Lactate-Rich Microenvironment That Drives Tumor Radioresistance.,2026-01-01,https://pubmed.ncbi.nlm.nih.gov/41812066/,paper,auto_parsed_pending_review
PubMed,DM4,microtubule inhibitor,Liposomes containing histidine overcome poly ADP-ribose polymerase inhibitor resistance.,2026-01-01,https://pubmed.ncbi.nlm.nih.gov/42287952/,paper,auto_parsed_pending_review
OpenAlex,DM4,microtubule inhibitor,Mirvetuximab soravtansine in platinum-resistant ovarian cancer: from biological rationale to clinical impact and future directions,2026-06-13,https://doi.org/10.1007/s10147-026-03090-3,paper_metadata,auto_parsed_pending_review
PubMed,DM4,microtubule inhibitor,Folate receptor-α targeted therapies in ovarian cancer: recent advances and emerging therapeutic strategies.,2026-01-01,https://pubmed.ncbi.nlm.nih.gov/42322854/,paper,auto_parsed_pending_review
PubMed,DM4,microtubule inhibitor,Antibody-drug conjugates in gynaecological cancers: opportunities and challenges.,2026-01-01,https://pubmed.ncbi.nlm.nih.gov/42310472/,paper,auto_parsed_pending_review
PubMed,DM4,microtubule inhibitor,Are patient factors associated with real-world antibody-drug conjugate outcomes in gynecologic cancers?,2026-01-01,https://pubmed.ncbi.nlm.nih.gov/42054783/,paper,auto_parsed_pending_review
PubMed,DM4,microtubule inhibitor,Improved progression-free survival with mirvetuximab and bevacizumab in platinum-resistant ovarian cancer: a retrospective real-world analysis.,2026-01-01,https://pubmed.ncbi.nlm.nih.gov/41708474/,paper,auto_parsed_pending_review
PubMed,DM4,microtubule inhibitor,Folate receptor alpha in platinum-resistant ovarian cancer: prevalence in a multicenter Polish cohort and review of the evidence.,2026-01-01,https://pubmed.ncbi.nlm.nih.gov/41428174/,paper,auto_parsed_pending_review
ClinicalTrials.gov,DM4,microtubule inhibitor,Combination of SAR3419 and Rituximab in Relapsed/Refractory Diffuse Large B-Cell Lymphoma,2014-11-12,https://clinicaltrials.gov/study/NCT01470456,clinical_trial,auto_parsed_pending_review
ClinicalTrials.gov,DM4,microtubule inhibitor,Phase I Dose Escalation Study of BAY94-9343 Given by Intravenous Infusion Every 3 Weeks in Japanese Subjects With Advanced Malignancies,2018-06-01,https://clinicaltrials.gov/study/NCT02485119,clinical_trial,auto_parsed_pending_review
OpenAlex,DM4,microtubule inhibitor,Development of payload-resistant human ovarian cancer cell lines to better understand antibody-drug conjugate sequencing and resistance mechanisms.,2026-05-27,https://doi.org/10.1200/jco.2026.44.16_suppl.5549,paper_metadata,auto_parsed_pending_review
OpenAlex,DM4,microtubule inhibitor,Real-world pharmacovigilance analysis for antibody drug conjugates (ADCs) in treatment of solid tumor malignancies.,2026-05-28,https://doi.org/10.1200/jco.2026.44.16_suppl.e20503,paper_metadata,auto_parsed_pending_review
OpenAlex,DM4,microtubule inhibitor,"Antibody–drug conjugates in colorectal cancer: molecular design, preclinical advances, and translational challenges",2026-05-28,https://doi.org/10.1007/s00280-026-04906-9,paper_metadata,auto_parsed_pending_review
OpenAlex,DM4,microtubule inhibitor,Antibody-Drug Conjugates (ADCs): Quantifying the Bystander Effect in Heterogeneous Tumour Microenvironments A Comprehensive Review,2026-06-09,https://doi.org/10.25258/ijddt.16.51s.61,paper_metadata,auto_parsed_pending_review
OpenAlex,DM4,microtubule inhibitor,Current positioning and future development of belantamab mafodotin and other antibody-drug conjugates to treat multiple myeloma,2026-06-10,https://doi.org/10.3389/fonc.2026.1822419,paper_metadata,auto_parsed_pending_review
OpenAlex,DM4,microtubule inhibitor,"Antibody-drug conjugates in gynecologic malignancies: breakthroughs, challenges, and future directions",2026-06-15,https://doi.org/10.3389/fimmu.2026.1831465,paper_metadata,auto_parsed_pending_review
OpenAlex,DM4,microtubule inhibitor,Past present and future of radiosensitization in cervical cancer,2026-06-19,https://doi.org/10.3389/fonc.2026.1846581,paper_metadata,auto_parsed_pending_review
Crossref,DM4,microtubule inhibitor,Targeting Efflux Pumps and Biofilm Formation in Multi-Drug Resistance Proteus Mirabilis Using Berberine and Nano-Based Compounds,2027-04-01,https://doi.org/10.21608/ejmm.2026.485691.2384,paper_metadata,flagged_needs_review
Crossref,DM4,microtubule inhibitor,Evaluating circulating tumor DNA methylation patterns of a multi-gene panel for colorectal cancer diagnosis: A pilot study,2027-01-01,https://doi.org/10.1016/j.cca.2026.121191,paper_metadata,flagged_needs_review
Crossref,DM4,microtubule inhibitor,A study of the Effect of Radiotherapy and Chemotherapy on some Immunological Parameters in Breast Cancer Patients,2027-01-01,https://doi.org/10.21608/ejmm.2026.467222.2183,paper_metadata,flagged_needs_review
Crossref,DM4,microtubule inhibitor,"Folate/mannose dual-ligand lipid shell-coated ZnMnO2 nanoflowers for DRP-104 delivery, immunometabolic modulation, and enhanced lung cancer immunotherapy",2027-02-01,https://doi.org/10.1016/j.jmst.2026.05.034,paper_metadata,flagged_needs_review
Crossref,DM4,microtubule inhibitor,Multiscale analysis of a mathematical model of human papillomavirus with combined therapy and progression to cervical cancer,2027-02-01,https://doi.org/10.1016/j.nonrwa.2026.104654,paper_metadata,flagged_needs_review
Crossref,DM4,microtubule inhibitor,Traveling wave solutions in a reaction-diffusion within-host HIV epidemic model with distributed delays and drug therapy,2027-02-01,https://doi.org/10.1016/j.nonrwa.2026.104684,paper_metadata,flagged_needs_review
Crossref,DM4,microtubule inhibitor,In Vitro Killing of Multi-Drug Resistant Microorganisms Isolated from Ventilator Associated Pneumonia by Nanoparticles,2027-04-01,https://doi.org/10.21608/ejmm.2026.481052.2331,paper_metadata,flagged_needs_review
Crossref,DM4,microtubule inhibitor,Association of HOTAIR single Nucleotide Polymorphisms (rs920778 and rs12826786) with Breast Cancer: An Egyptian Study,2027-04-01,https://doi.org/10.21608/ejmm.2026.485454.2379,paper_metadata,flagged_needs_review
ClinicalTrials.gov,DXd,TOP1 inhibitor,Anlotinib With Trastuzumab Deruxtecan for Previously Treated HER2-Low Advanced Breast Cancer,2024-08-28,https://clinicaltrials.gov/study/NCT06331169,clinical_trial,auto_parsed_pending_review
ClinicalTrials.gov,DXd,TOP1 inhibitor,EIS-12656 as Single Agent and in Combination in Patients With Specified Solid Tumors,2024-09-14,https://clinicaltrials.gov/study/NCT06525298,clinical_trial,auto_parsed_pending_review
ClinicalTrials.gov,DXd,TOP1 inhibitor,"Datopotamab Deruxtecan (Dato-DXd, DS-1062a) in Advanced and/or Unresectable Non-Small Cell Lung Cancer",2025-11-24,https://clinicaltrials.gov/study/NCT04940325,clinical_trial,auto_parsed_pending_review
PubMed,DXd,TOP1 inhibitor,EGFR S442 ectodomain mutation confers cetuximab resistance that can be overcome by ERBB2 blockade with trastuzumab-deruxtecan.,2026-01-01,https://pubmed.ncbi.nlm.nih.gov/42176792/,paper,auto_parsed_pending_review
PubMed,DXd,TOP1 inhibitor,ATR inhibition potentiates the antitumor efficacy of HER3-DXd in HER3-positive/HR-positive breast cancer by increasing DNA damage.,2026-01-01,https://pubmed.ncbi.nlm.nih.gov/41986659/,paper,auto_parsed_pending_review
PubMed,DXd,TOP1 inhibitor,"""Neoadjuvant trastuzumab deruxtecan for high-risk HER2-positive early breast cancer: Does the evidence support its use as a new standard-of-care?"".",2026-01-01,https://pubmed.ncbi.nlm.nih.gov/42142430/,paper,auto_parsed_pending_review
Google Patents Search,DXd,TOP1 inhibitor,DXd / deruxtecan 专利检索入口（待 IP 人工复核）,2026-01-01,https://patents.google.com/?q=DXd+%2F+deruxtecan+antibody+drug+conjugate+payload+linker+patent,patent_search_seed,flagged_needs_review
ClinicalTrials.gov,DXd,TOP1 inhibitor,Disitamab Vedotin Plus Bevacizumab in HER2-Low Metastatic Breast Cancer After T-DXd Failure: A Phase II Study,2026-02-28,https://clinicaltrials.gov/study/NCT07446452,clinical_trial,auto_parsed_pending_review
ClinicalTrials.gov,DXd,TOP1 inhibitor,"A Study of Dato-DXd in Chinese Patients With Advanced Non-Small Cell Lung Cancer, Triple-negative Breast Cancer and Other Solid Tumors (TROPION-PanTumor02)",2026-03-10,https://clinicaltrials.gov/study/NCT05460273,clinical_trial,auto_parsed_pending_review
ClinicalTrials.gov,DXd,TOP1 inhibitor,"Phase III, Open-label, First-line Study of Dato-DXd in Combination With Durvalumab and Carboplatin for Advanced NSCLC Without Actionable Genomic Alterations",2026-04-21,https://clinicaltrials.gov/study/NCT05687266,clinical_trial,auto_parsed_pending_review
ClinicalTrials.gov,DXd,TOP1 inhibitor,HER2 Molecular Imaging With 89Zr-trastuzumab PET/CT as a Predictive Biomarker for Antibody-drug Conjugate Sequencing in Patients With Advanced HER2-positive Breast Cancer,2026-05-06,https://clinicaltrials.gov/study/NCT06595563,clinical_trial,auto_parsed_pending_review
ClinicalTrials.gov,DXd,TOP1 inhibitor,Personalized Antibody-Drug Conjugate Therapy Based on RNA and Protein Testing for the Treatment of Advanced or Metastatic Solid Tumors (The ADC MATCH Screening and Treatment Trial),2026-06-16,https://clinicaltrials.gov/study/NCT06311214,clinical_trial,auto_parsed_pending_review
PubMed,DXd,TOP1 inhibitor,Clinical responses to trastuzumab deruxtecan in molecularly defined ependymoma.,2026-01-01,https://pubmed.ncbi.nlm.nih.gov/42321415/,paper,auto_parsed_pending_review
News Search Seed,DXd,TOP1 inhibitor,DXd / deruxtecan 新闻/公司动态检索入口（待人工复核）,2026-01-01,https://news.google.com/search?q=DXd+%2F+deruxtecan+ADC+payload+company+news+clinical+update,news_search_seed,flagged_needs_review
ClinicalTrials.gov,DXd,TOP1 inhibitor,"A Window-of-opportunity Study of U3-1402, a HER3-targeting Antibody-drug Conjugate in Operable Breast Cancer According to ERBB3 Expression",2023-06-21,https://clinicaltrials.gov/study/NCT04610528,clinical_trial,auto_parsed_pending_review
ClinicalTrials.gov,DXd,TOP1 inhibitor,Study of DS-8201a for Participants With Advanced Solid Malignant Tumors,2023-12-07,https://clinicaltrials.gov/study/NCT03383692,clinical_trial,auto_parsed_pending_review
OpenAlex,DXd,TOP1 inhibitor,Datopotamab Deruxtecan in Metastatic Triple-Negative Breast Cancer with Severe Hepatic Impairment: A Case Report,2026-06-18,https://doi.org/10.21203/rs.3.rs-9557830/v1,paper_metadata,auto_parsed_pending_review
PubMed,DXd,TOP1 inhibitor,Antibodies to watch in 2026.,2026-01-01,https://pubmed.ncbi.nlm.nih.gov/41560619/,paper,auto_parsed_pending_review
PubMed,DXd,TOP1 inhibitor,Dynamic monitoring of antibody drug conjugates targeting TROP2 or HER2 in breast cancer using circulating tumor cells.,2026-01-01,https://pubmed.ncbi.nlm.nih.gov/42308036/,paper,auto_parsed_pending_review
PubMed,DXd,TOP1 inhibitor,ADCs for Colorectal Carcinoma: Decoding Clinical Evidence for Molecular Design Innovation.,2026-01-01,https://pubmed.ncbi.nlm.nih.gov/42314828/,paper,auto_parsed_pending_review
PubMed,DXd,TOP1 inhibitor,"Real-World Effectiveness and Safety of Tucatinib, Trastuzumab, and Capecitabine in HER2-Positive Advanced Breast Cancer: A Multicenter Portuguese Study.",2026-01-01,https://pubmed.ncbi.nlm.nih.gov/42316998/,paper,auto_parsed_pending_review
PubMed,DXd,TOP1 inhibitor,Evaluation of zongertinib for the treatment of metastatic non-squamous non-small cell lung cancer with HER2 TKD activating mutation.,2026-01-01,https://pubmed.ncbi.nlm.nih.gov/42311064/,paper,auto_parsed_pending_review
PubMed,DXd,TOP1 inhibitor,Antibody-drug conjugates in gynaecological cancers: opportunities and challenges.,2026-01-01,https://pubmed.ncbi.nlm.nih.gov/42310472/,paper,auto_parsed_pending_review
OpenAlex,DXd,TOP1 inhibitor,Figure 5 from Advanced CD276-Targeting Dual-Payload Antibody–Drug Conjugates for Cancer Therapy,2026-06-17,https://doi.org/10.1158/2767-9764.32702379,paper_metadata,auto_parsed_pending_review
OpenAlex,DXd,TOP1 inhibitor,Figure 2 from Advanced CD276-Targeting Dual-Payload Antibody–Drug Conjugates for Cancer Therapy,2026-06-17,https://doi.org/10.1158/2767-9764.32702391,paper_metadata,auto_parsed_pending_review
OpenAlex,DXd,TOP1 inhibitor,Figure 3 from Advanced CD276-Targeting Dual-Payload Antibody–Drug Conjugates for Cancer Therapy,2026-06-17,https://doi.org/10.1158/2767-9764.32702388,paper_metadata,auto_parsed_pending_review
OpenAlex,DXd,TOP1 inhibitor,Ocular toxicities associated with anticancer drug therapy in Asian patients: a literature review and practical management recommendations for non-ophthalmologic settings,2026-06-18,https://doi.org/10.1007/s10147-026-03096-x,paper_metadata,auto_parsed_pending_review
OpenAlex,DXd,TOP1 inhibitor,Spatially interpretable artificial intelligence framework to tailored neoadjuvant dual HER2 blockade in HER2-positive breast cancer,2026-06-18,https://doi.org/10.1038/s41392-026-02734-0,paper_metadata,auto_parsed_pending_review
OpenAlex,DXd,TOP1 inhibitor,Antibody-drug conjugates in colorectal cancer: current landscape and future perspectives from clinical trials,2026-06-19,https://doi.org/10.3389/fonc.2026.1843037,paper_metadata,auto_parsed_pending_review
OpenAlex,DXd,TOP1 inhibitor,Dual HER2/HER3 Targeting with Antibody-Drug Conjugates Reveals a Novel Therapeutic Strategy for HER2-Mutant Lobular Breast Cancer,2026-06-19,https://doi.org/10.64898/2026.06.18.733194,paper_metadata,auto_parsed_pending_review
Crossref,DXd,TOP1 inhibitor,Targeting Efflux Pumps and Biofilm Formation in Multi-Drug Resistance Proteus Mirabilis Using Berberine and Nano-Based Compounds,2027-04-01,https://doi.org/10.21608/ejmm.2026.485691.2384,paper_metadata,flagged_needs_review
Crossref,DXd,TOP1 inhibitor,Evaluating circulating tumor DNA methylation patterns of a multi-gene panel for colorectal cancer diagnosis: A pilot study,2027-01-01,https://doi.org/10.1016/j.cca.2026.121191,paper_metadata,flagged_needs_review
Crossref,DXd,TOP1 inhibitor,Nanotechnology and drug delivery: Fundamentals and applications,2027-01-01,https://doi.org/10.1016/b978-0-443-44119-6.00017-3,paper_metadata,flagged_needs_review
Crossref,DXd,TOP1 inhibitor,"Folate/mannose dual-ligand lipid shell-coated ZnMnO2 nanoflowers for DRP-104 delivery, immunometabolic modulation, and enhanced lung cancer immunotherapy",2027-02-01,https://doi.org/10.1016/j.jmst.2026.05.034,paper_metadata,flagged_needs_review
Crossref,DXd,TOP1 inhibitor,Multiscale analysis of a mathematical model of human papillomavirus with combined therapy and progression to cervical cancer,2027-02-01,https://doi.org/10.1016/j.nonrwa.2026.104654,paper_metadata,flagged_needs_review
Crossref,DXd,TOP1 inhibitor,Traveling wave solutions in a reaction-diffusion within-host HIV epidemic model with distributed delays and drug therapy,2027-02-01,https://doi.org/10.1016/j.nonrwa.2026.104684,paper_metadata,flagged_needs_review
Crossref,DXd,TOP1 inhibitor,In Vitro Killing of Multi-Drug Resistant Microorganisms Isolated from Ventilator Associated Pneumonia by Nanoparticles,2027-04-01,https://doi.org/10.21608/ejmm.2026.481052.2331,paper_metadata,flagged_needs_review
Crossref,DXd,TOP1 inhibitor,Association of HOTAIR single Nucleotide Polymorphisms (rs920778 and rs12826786) with Breast Cancer: An Egyptian Study,2027-04-01,https://doi.org/10.21608/ejmm.2026.485454.2379,paper_metadata,flagged_needs_review
PubMed,exatecan,TOP1 inhibitor,NH(2)-trimethyl lock (NH(2)-TML): a stable and effective adapter for exatecan-based antibody-drug conjugates.,2026-01-01,https://pubmed.ncbi.nlm.nih.gov/42218895/,paper,auto_parsed_pending_review
PubMed,exatecan,TOP1 inhibitor,"An intrinsically hydrophilic linker enables a stable, high-DAR exatecan-based HER2 ADC with potent antitumor activity.",2026-01-01,https://pubmed.ncbi.nlm.nih.gov/42296596/,paper,auto_parsed_pending_review
PubMed,exatecan,TOP1 inhibitor,Exatecan Payload-Based Antibody-Drug Conjugates with a Short Hydrophilic Cleavable Linker.,2026-01-01,https://pubmed.ncbi.nlm.nih.gov/42157849/,paper,auto_parsed_pending_review
PubMed,exatecan,TOP1 inhibitor,"Design of Novel Exatecan-Amide Linker-Payloads for the Development of Stable, Low-Aggregating, and Highly Efficacious Antibody-Drug Conjugates.",2026-01-01,https://pubmed.ncbi.nlm.nih.gov/42059194/,paper,auto_parsed_pending_review
PubMed,exatecan,TOP1 inhibitor,"Preclinical Development of MGC028, an ADAM9-Targeted, Glycan-Linked, Exatecan-Based Antibody-Drug Conjugate for the Treatment of Solid Cancers.",2026-01-01,https://pubmed.ncbi.nlm.nih.gov/41166694/,paper,auto_parsed_pending_review
Google Patents Search,exatecan,TOP1 inhibitor,exatecan 类 payload 专利检索入口（待 IP 人工复核）,2026-01-01,https://patents.google.com/?q=exatecan+%E7%B1%BB+payload+antibody+drug+conjugate+payload+linker+patent,patent_search_seed,flagged_needs_review
ClinicalTrials.gov,exatecan,TOP1 inhibitor,Testing How the Body Responds to the Drug CBX-12 in Patients With Advanced Solid Cancers,2026-05-12,https://clinicaltrials.gov/study/NCT05691517,clinical_trial,auto_parsed_pending_review
ClinicalTrials.gov,exatecan,TOP1 inhibitor,Anti-Ly6E Exatecan ADC M7437 in Advanced Solid Tumors,2026-06-10,https://clinicaltrials.gov/study/NCT07360314,clinical_trial,auto_parsed_pending_review
ClinicalTrials.gov,exatecan,TOP1 inhibitor,A Clinical Study to Observe How Well That BAT8006 Works on Patients With Platinum Resistance Ovarian Cancer,2026-01-04,https://clinicaltrials.gov/study/NCT06545617,clinical_trial,auto_parsed_pending_review
ClinicalTrials.gov,exatecan,TOP1 inhibitor,HER3-DXd in Breast Cancer and NSCLC Brain Metastases and Solid Tumor Leptomeningeal Disease,2026-04-28,https://clinicaltrials.gov/study/NCT05865990,clinical_trial,auto_parsed_pending_review
News Search Seed,exatecan,TOP1 inhibitor,exatecan 类 payload 新闻/公司动态检索入口（待人工复核）,2026-01-01,https://news.google.com/search?q=exatecan+%E7%B1%BB+payload+ADC+payload+company+news+clinical+update,news_search_seed,flagged_needs_review
ClinicalTrials.gov,exatecan,TOP1 inhibitor,T-DXd Therapy for HER2-low Breast Cancer Patients With Brain Metastases,2026-05-04,https://clinicaltrials.gov/study/NCT06048718,clinical_trial,auto_parsed_pending_review
ClinicalTrials.gov,exatecan,TOP1 inhibitor,Anti-GD2 ADC M3554 in Advanced Solid Tumors,2026-05-07,https://clinicaltrials.gov/study/NCT06641908,clinical_trial,auto_parsed_pending_review
ClinicalTrials.gov,exatecan,TOP1 inhibitor,Datopotamab Deruxtecan (Dato-DXd) for Non-Small Cell Lung Cancer (NSCLC) Patients With Active Brain Metastases,2025-08-04,https://clinicaltrials.gov/study/NCT06676917,clinical_trial,auto_parsed_pending_review
ClinicalTrials.gov,exatecan,TOP1 inhibitor,T-DXd With or Without Neratinib for HER2 Positive Breast Cancer With Brain Metastasis,2025-08-26,https://clinicaltrials.gov/study/NCT07152782,clinical_trial,auto_parsed_pending_review
ClinicalTrials.gov,exatecan,TOP1 inhibitor,A Study Evaluating OBI-902 in Participants With Advanced Solid Tumors,2025-12-31,https://clinicaltrials.gov/study/NCT07124117,clinical_trial,auto_parsed_pending_review
ClinicalTrials.gov,exatecan,TOP1 inhibitor,HCQ+ADC vs ADC in the Treatment of Advanced Breast Cancer,2024-03-18,https://clinicaltrials.gov/study/NCT06328387,clinical_trial,auto_parsed_pending_review
OpenAlex,exatecan,TOP1 inhibitor,"Phase 1/2 study of CLIO-8221, a HER2-targeted, dual-payload exatecan and ATR inhibitor antibody-drug conjugate (ADC) in patients with advanced HER2-expressing solid tumors.",2026-05-28,https://doi.org/10.1200/jco.2026.44.16_suppl.tps3162,paper_metadata,auto_parsed_pending_review
PubMed,exatecan,TOP1 inhibitor,Vascular disruption-triggered physiological cascade enables a therapeutic window for fibrin-hypoxia dual-targeting nanomedicines in solid tumors.,2026-01-01,https://pubmed.ncbi.nlm.nih.gov/42119788/,paper,auto_parsed_pending_review
PubMed,exatecan,TOP1 inhibitor,Sequential Use of Trastuzumab Deruxtecan and Sacituzumab Govitecan in Patients with Breast Cancer: A Pharmacological Approach to Support the Clinical Rationale.,2026-01-01,https://pubmed.ncbi.nlm.nih.gov/41931218/,paper,auto_parsed_pending_review
PubMed,exatecan,TOP1 inhibitor,"Visualizable, AKR1C3-Activated Small-Molecule Antitumor Drug Conjugates with Ultra-Low Systemic Toxicity.",2026-01-01,https://pubmed.ncbi.nlm.nih.gov/42068297/,paper,auto_parsed_pending_review
PubMed,exatecan,TOP1 inhibitor,Development of a STEAP1-Targeted Prostate Cancer Specific Antibody Drug Conjugate Platform with Immunostimulatory Properties.,2026-01-01,https://pubmed.ncbi.nlm.nih.gov/42078873/,paper,auto_parsed_pending_review
PubMed,exatecan,TOP1 inhibitor,ADCE-T02 - a Next Generation Antibody Drug Conjugate Targeting Tissue Factor Demonstrates Superior Preclinical Efficacy and Tolerability.,2026-01-01,https://pubmed.ncbi.nlm.nih.gov/41996633/,paper,auto_parsed_pending_review
OpenAlex,exatecan,TOP1 inhibitor,"RAINFOL-04 (ENGOT-OV96/GOG-3134): A phase 3, open-label, randomized study of rinatabart sesutecan (Rina-S) plus standard of care (SOC) vs SOC as maintenance treatment after second-line platinum-based chemotherapy in patients with recurrent platinum-sensitive ovarian cancer.",2026-05-28,https://doi.org/10.1200/jco.2026.44.16_suppl.tps5641,paper_metadata,auto_parsed_pending_review
OpenAlex,exatecan,TOP1 inhibitor,"RAINFOL-03 (ENGOT-EN-31/GOG-3128): A global, phase 3, open-label, randomized study of rinatabart sesutecan (Rina-S) vs investigator’s choice of chemotherapy in patients with endometrial cancer after platinum-based chemotherapy and programmed death-ligand 1 inhibition.",2026-05-28,https://doi.org/10.1200/jco.2026.44.16_suppl.tps5646,paper_metadata,auto_parsed_pending_review
OpenAlex,exatecan,TOP1 inhibitor,"Fern-EC-01 (BNT323-01): A phase 3 trial of trastuzumab pamirtecan (HER2 ADC) versus investigator’s choice of chemotherapy in patients with previously treated, HER2-expressing, recurrent endometrial cancer (EC).",2026-05-28,https://doi.org/10.1200/jco.2026.44.16_suppl.tps5645,paper_metadata,auto_parsed_pending_review
OpenAlex,exatecan,TOP1 inhibitor,"Antibody–drug conjugates in colorectal cancer: molecular design, preclinical advances, and translational challenges",2026-05-28,https://doi.org/10.1007/s00280-026-04906-9,paper_metadata,auto_parsed_pending_review
OpenAlex,exatecan,TOP1 inhibitor,"FRAmework-01: A two-part phase 3 study of sofetabart mipitecan versus chemotherapy or mirvetuximab soravtansine in platinum-resistant ovarian cancer (PROC), and sofetabart mipitecan plus bevacizumab versus platinum-based chemotherapy plus bevacizumab in platinum-sensitive ovarian cancer (PSOC).",2026-05-28,https://doi.org/10.1200/jco.2026.44.16_suppl.tps5644,paper_metadata,auto_parsed_pending_review
OpenAlex,exatecan,TOP1 inhibitor,"CLDN18.2-Directed Therapeutics in Gastric and Gastroesophageal Junction Adenocarcinoma: Biomarker Assessment, Expression Dynamics, and Treatment Sequencing",2026-06-01,https://doi.org/10.2147/cmar.s611187,paper_metadata,auto_parsed_pending_review
OpenAlex,exatecan,TOP1 inhibitor,Targeting HER2 in urothelial carcinoma: from pathway inhibition to antibody–drug conjugates,2026-06-01,https://doi.org/10.1016/j.ctrv.2026.103173,paper_metadata,auto_parsed_pending_review
Crossref,exatecan,TOP1 inhibitor,Targeting Efflux Pumps and Biofilm Formation in Multi-Drug Resistance Proteus Mirabilis Using Berberine and Nano-Based Compounds,2027-04-01,https://doi.org/10.21608/ejmm.2026.485691.2384,paper_metadata,flagged_needs_review
Crossref,exatecan,TOP1 inhibitor,Evaluating circulating tumor DNA methylation patterns of a multi-gene panel for colorectal cancer diagnosis: A pilot study,2027-01-01,https://doi.org/10.1016/j.cca.2026.121191,paper_metadata,flagged_needs_review
Crossref,exatecan,TOP1 inhibitor,A study of the Effect of Radiotherapy and Chemotherapy on some Immunological Parameters in Breast Cancer Patients,2027-01-01,https://doi.org/10.21608/ejmm.2026.467222.2183,paper_metadata,flagged_needs_review
Crossref,exatecan,TOP1 inhibitor,"Folate/mannose dual-ligand lipid shell-coated ZnMnO2 nanoflowers for DRP-104 delivery, immunometabolic modulation, and enhanced lung cancer immunotherapy",2027-02-01,https://doi.org/10.1016/j.jmst.2026.05.034,paper_metadata,flagged_needs_review
Crossref,exatecan,TOP1 inhibitor,Multiscale analysis of a mathematical model of human papillomavirus with combined therapy and progression to cervical cancer,2027-02-01,https://doi.org/10.1016/j.nonrwa.2026.104654,paper_metadata,flagged_needs_review
Crossref,exatecan,TOP1 inhibitor,Traveling wave solutions in a reaction-diffusion within-host HIV epidemic model with distributed delays and drug therapy,2027-02-01,https://doi.org/10.1016/j.nonrwa.2026.104684,paper_metadata,flagged_needs_review
Crossref,exatecan,TOP1 inhibitor,In Vitro Killing of Multi-Drug Resistant Microorganisms Isolated from Ventilator Associated Pneumonia by Nanoparticles,2027-04-01,https://doi.org/10.21608/ejmm.2026.481052.2331,paper_metadata,flagged_needs_review
Crossref,exatecan,TOP1 inhibitor,Association of HOTAIR single Nucleotide Polymorphisms (rs920778 and rs12826786) with Breast Cancer: An Egyptian Study,2027-04-01,https://doi.org/10.21608/ejmm.2026.485454.2379,paper_metadata,flagged_needs_review
ClinicalTrials.gov,MMAE,microtubule inhibitor,"Brentuximab Vedotin, Bendamustine, and Rituximab in Patients With Relapsed or Refractory B-cell Non-Hodgkin Lymphoma",2017-05-18,https://clinicaltrials.gov/study/NCT02623920,clinical_trial,auto_parsed_pending_review
ClinicalTrials.gov,MMAE,microtubule inhibitor,Brentuximab Vedotin Plus AD in Non-bulky Limited Stage Hodgkin Lymphoma,2020-08-10,https://clinicaltrials.gov/study/NCT02505269,clinical_trial,auto_parsed_pending_review
ClinicalTrials.gov,MMAE,microtubule inhibitor,A Study of Brentuximab Vedotin Combined With Nivolumab for Relapsed or Refractory Hodgkin Lymphoma,2022-10-17,https://clinicaltrials.gov/study/NCT02572167,clinical_trial,auto_parsed_pending_review
ClinicalTrials.gov,MMAE,microtubule inhibitor,Brentuximab Vedotin and Pembrolizumab in Treating Patients With Recurrent Peripheral T-Cell Lymphoma,2023-10-06,https://clinicaltrials.gov/study/NCT04795869,clinical_trial,auto_parsed_pending_review
ClinicalTrials.gov,MMAE,microtubule inhibitor,Study of Brentuximab Vedotin (SGN-35) in Pediatric Participants With Relapsed or Refractory (r/r) Systemic Anaplastic Large-Cell Lymphoma or Hodgkin Lymphoma,2024-05-07,https://clinicaltrials.gov/study/NCT01492088,clinical_trial,auto_parsed_pending_review
ClinicalTrials.gov,MMAE,microtubule inhibitor,"Polatuzumab Vedotin, Rituximab, Ifosfamide, Carboplatin, and Etoposide (PolaR-ICE) as Initial Salvage Therapy for the Treatment of Relapsed/Refractory Diffuse Large B-Cell Lymphoma",2025-08-18,https://clinicaltrials.gov/study/NCT04665765,clinical_trial,auto_parsed_pending_review
PubMed,MMAE,microtubule inhibitor,Development and validation of an efficient and sensitive LC-MS/MS assay for simultaneous determination of the high frequency used antibody drug conjugate payload MMAE and anti-vascular tyrosine kinase inhibitor lenvatinib in human plasma.,2026-01-01,https://pubmed.ncbi.nlm.nih.gov/41762484/,paper,auto_parsed_pending_review
PubMed,MMAE,microtubule inhibitor,Perioperative Enfortumab Vedotin and Pembrolizumab in Bladder Cancer. Reply.,2026-01-01,https://pubmed.ncbi.nlm.nih.gov/42308491/,paper,auto_parsed_pending_review
PubMed,MMAE,microtubule inhibitor,Perioperative Enfortumab Vedotin and Pembrolizumab in Bladder Cancer.,2026-01-01,https://pubmed.ncbi.nlm.nih.gov/42308490/,paper,auto_parsed_pending_review
Google Patents Search,MMAE,microtubule inhibitor,MMAE / vedotin 类 专利检索入口（待 IP 人工复核）,2026-01-01,https://patents.google.com/?q=MMAE+%2F+vedotin+%E7%B1%BB+antibody+drug+conjugate+payload+linker+patent,patent_search_seed,flagged_needs_review
ClinicalTrials.gov,MMAE,microtubule inhibitor,Study of EV for Recurrent Endometrial Carcinoma,2026-01-16,https://clinicaltrials.gov/study/NCT07139977,clinical_trial,auto_parsed_pending_review
ClinicalTrials.gov,MMAE,microtubule inhibitor,Polatuzumab Vedotin With R-GDP in Relapsed/Refractory Diffuse Large B-cell Lymphoma,2026-03-27,https://clinicaltrials.gov/study/NCT05498220,clinical_trial,auto_parsed_pending_review
ClinicalTrials.gov,MMAE,microtubule inhibitor,Study BT8009-100 in Subjects With Nectin-4 Expressing Advanced Malignancies,2025-11-13,https://clinicaltrials.gov/study/NCT04561362,clinical_trial,auto_parsed_pending_review
News Search Seed,MMAE,microtubule inhibitor,MMAE / vedotin 类 新闻/公司动态检索入口（待人工复核）,2026-01-01,https://news.google.com/search?q=MMAE+%2F+vedotin+%E7%B1%BB+ADC+payload+company+news+clinical+update,news_search_seed,flagged_needs_review
ClinicalTrials.gov,MMAE,microtubule inhibitor,A Clinical Study of 9MW2821 in Subjects With Advanced Malignant Solid Tumors,2022-06-14,https://clinicaltrials.gov/study/NCT05216965,clinical_trial,auto_parsed_pending_review
PubMed,MMAE,microtubule inhibitor,Mislocalisation of FLT3-ITD receptor contributes to MV4-11 leukaemia cell resistance to antibody-drug conjugate.,2026-01-01,https://pubmed.ncbi.nlm.nih.gov/41784256/,paper,auto_parsed_pending_review
PubMed,MMAE,microtubule inhibitor,Antibodies to watch in 2026.,2026-01-01,https://pubmed.ncbi.nlm.nih.gov/41560619/,paper,auto_parsed_pending_review
PubMed,MMAE,microtubule inhibitor,Construction of anti-HER2 conjugated injectable hydrogel via protein crosslinking and gadolinium-tetraaza coordination for multimodal tumor theranostics.,2026-01-01,https://pubmed.ncbi.nlm.nih.gov/41934787/,paper,auto_parsed_pending_review
PubMed,MMAE,microtubule inhibitor,Glypican-1-targeted antibody-drug conjugate shows therapeutic efficacy in lung squamous cell carcinoma.,2026-01-01,https://pubmed.ncbi.nlm.nih.gov/42096801/,paper,auto_parsed_pending_review
PubMed,MMAE,microtubule inhibitor,"Precision medicine in bladder cancer: Redefining treatment paradigms through ADCs, immunotherapy, and molecular subtyping.",2026-01-01,https://pubmed.ncbi.nlm.nih.gov/42070643/,paper,auto_parsed_pending_review
PubMed,MMAE,microtubule inhibitor,Peptide-drug conjugates bearing an antimitotic Ahx-DA1 payload achieve potent antitumor activity in Her2-amplified and EGFR-positive KRAS-mutant cancers in vivo.,2026-01-01,https://pubmed.ncbi.nlm.nih.gov/42033924/,paper,auto_parsed_pending_review
PubMed,MMAE,microtubule inhibitor,Fibulin-4 expressed in metastatic breast cancer is a target of peptide-based imaging probes and experimental therapeutics.,2026-01-01,https://pubmed.ncbi.nlm.nih.gov/42124952/,paper,auto_parsed_pending_review
OpenAlex,MMAE,microtubule inhibitor,Advancements in Immune Checkpoint-Based Immunotherapy for Triple-Negative Breast Cancer,2026-06-12,https://doi.org/10.3390/cimb48060615,paper_metadata,auto_parsed_pending_review
OpenAlex,MMAE,microtubule inhibitor,"Antibody-drug conjugates in gynecologic malignancies: breakthroughs, challenges, and future directions",2026-06-15,https://doi.org/10.3389/fimmu.2026.1831465,paper_metadata,auto_parsed_pending_review
OpenAlex,MMAE,microtubule inhibitor,A Newly Designed Antibody–drug Conjugate Targeting B7-H3 Demonstrates Enhanced Therapeutic Efficacy Across a Spectrum of Cancers,2026-06-16,https://doi.org/10.1007/s11095-026-04076-6,paper_metadata,auto_parsed_pending_review
OpenAlex,MMAE,microtubule inhibitor,Data from Synergistic Treatment of Prostate Cancer and Multiple Myeloma using CD46-Targeted Radioimmunotherapy Antibody–Drug Conjugates,2026-06-17,https://doi.org/10.1158/1078-0432.c.8542556,paper_metadata,auto_parsed_pending_review
OpenAlex,MMAE,microtubule inhibitor,Data from A MERTK-Targeting Antibody–Drug Conjugate Selectively Depletes M2 Tumor-Associated Macrophages and MERTK-Expressing Cancer Cells,2026-06-17,https://doi.org/10.1158/0008-5472.c.8542705,paper_metadata,auto_parsed_pending_review
OpenAlex,MMAE,microtubule inhibitor,Figure S8 from Synergistic Treatment of Prostate Cancer and Multiple Myeloma using CD46-Targeted Radioimmunotherapy Antibody–Drug Conjugates,2026-06-17,https://doi.org/10.1158/1078-0432.32711792,paper_metadata,auto_parsed_pending_review
OpenAlex,MMAE,microtubule inhibitor,The Potential and Prospects of Marine Drugs in Intervening Nerve–Tumor Crosstalk,2026-06-17,https://doi.org/10.3390/md24060219,paper_metadata,auto_parsed_pending_review
OpenAlex,MMAE,microtubule inhibitor,Past present and future of radiosensitization in cervical cancer,2026-06-19,https://doi.org/10.3389/fonc.2026.1846581,paper_metadata,auto_parsed_pending_review
Crossref,MMAE,microtubule inhibitor,Targeting Efflux Pumps and Biofilm Formation in Multi-Drug Resistance Proteus Mirabilis Using Berberine and Nano-Based Compounds,2027-04-01,https://doi.org/10.21608/ejmm.2026.485691.2384,paper_metadata,flagged_needs_review
Crossref,MMAE,microtubule inhibitor,Evaluating circulating tumor DNA methylation patterns of a multi-gene panel for colorectal cancer diagnosis: A pilot study,2027-01-01,https://doi.org/10.1016/j.cca.2026.121191,paper_metadata,flagged_needs_review
Crossref,MMAE,microtubule inhibitor,Nanotechnology and drug delivery: Fundamentals and applications,2027-01-01,https://doi.org/10.1016/b978-0-443-44119-6.00017-3,paper_metadata,flagged_needs_review
Crossref,MMAE,microtubule inhibitor,"Folate/mannose dual-ligand lipid shell-coated ZnMnO2 nanoflowers for DRP-104 delivery, immunometabolic modulation, and enhanced lung cancer immunotherapy",2027-02-01,https://doi.org/10.1016/j.jmst.2026.05.034,paper_metadata,flagged_needs_review
Crossref,MMAE,microtubule inhibitor,Multiscale analysis of a mathematical model of human papillomavirus with combined therapy and progression to cervical cancer,2027-02-01,https://doi.org/10.1016/j.nonrwa.2026.104654,paper_metadata,flagged_needs_review
Crossref,MMAE,microtubule inhibitor,Traveling wave solutions in a reaction-diffusion within-host HIV epidemic model with distributed delays and drug therapy,2027-02-01,https://doi.org/10.1016/j.nonrwa.2026.104684,paper_metadata,flagged_needs_review
Crossref,MMAE,microtubule inhibitor,In Vitro Killing of Multi-Drug Resistant Microorganisms Isolated from Ventilator Associated Pneumonia by Nanoparticles,2027-04-01,https://doi.org/10.21608/ejmm.2026.481052.2331,paper_metadata,flagged_needs_review
Crossref,MMAE,microtubule inhibitor,Association of HOTAIR single Nucleotide Polymorphisms (rs920778 and rs12826786) with Breast Cancer: An Egyptian Study,2027-04-01,https://doi.org/10.21608/ejmm.2026.485454.2379,paper_metadata,flagged_needs_review
ClinicalTrials.gov,MMAF,microtubule inhibitor,UNITE Study: Understanding New Interventions With GBM ThErapy,2021-03-19,https://clinicaltrials.gov/study/NCT03419403,clinical_trial,auto_parsed_pending_review
ClinicalTrials.gov,MMAF,microtubule inhibitor,"To Evaluate Safety, Tolerability, and Clinical Activity of the Antibody-drug Conjugate, GSK2857916 Administered in Combination With Lenalidomide Plus Dexamethasone (Arm A), or in Combination With Bortezomib Plus Dexamethasone (Arm B) in Participants With Relapsed/Refractory Multiple Myeloma (RRMM)",2025-02-27,https://clinicaltrials.gov/study/NCT03544281,clinical_trial,auto_parsed_pending_review
ClinicalTrials.gov,MMAF,microtubule inhibitor,"A Study of Belantamab Mafodotin to Investigate Safety, Tolerability, Pharmacokinetics, Immunogenicity and Clinical Activity in Participants With Relapsed/Refractory Multiple Myeloma (RRMM)",2025-02-28,https://clinicaltrials.gov/study/NCT04177823,clinical_trial,auto_parsed_pending_review
ClinicalTrials.gov,MMAF,microtubule inhibitor,"An Open-label, Dose Escalation Study in Japanese Participants With Relapsed/Refractory Multiple Myeloma Who Have Failed Prior Anti Myeloma Treatments",2025-08-01,https://clinicaltrials.gov/study/NCT03828292,clinical_trial,auto_parsed_pending_review
PubMed,MMAF,microtubule inhibitor,Pharmacokinetics and Safety of Belantamab Mafodotin Monotherapy in Patients With Relapsed/Refractory Multiple Myeloma Who Have Normal and Varying Degrees of Impaired Renal Function.,2026-01-01,https://pubmed.ncbi.nlm.nih.gov/42297668/,paper,auto_parsed_pending_review
PubMed,MMAF,microtubule inhibitor,"Belantamab mafodotin, carfilzomib, lenalidomide, and dexamethasone for relapsed or refractory multiple myeloma.",2026-01-01,https://pubmed.ncbi.nlm.nih.gov/41719502/,paper,auto_parsed_pending_review
PubMed,MMAF,microtubule inhibitor,Mechanism of uptake and toxicity of a BCMA antibody drug conjugate with a MMAF payload by nonantigen expressing cells.,2026-01-01,https://pubmed.ncbi.nlm.nih.gov/41951857/,paper,auto_parsed_pending_review
PubMed,MMAF,microtubule inhibitor,Consideration of spatial companion biomarkers for targeted therapeutics in cancer: depatuxizumab mafodotin in glioblastoma.,2026-01-01,https://pubmed.ncbi.nlm.nih.gov/41632538/,paper,auto_parsed_pending_review
Google Patents Search,MMAF,microtubule inhibitor,MMAF / mafodotin 类 专利检索入口（待 IP 人工复核）,2026-01-01,https://patents.google.com/?q=MMAF+%2F+mafodotin+%E7%B1%BB+antibody+drug+conjugate+payload+linker+patent,patent_search_seed,flagged_needs_review
ClinicalTrials.gov,MMAF,microtubule inhibitor,"Evaluation of Efficacy and Safety of Belantamab Mafodotin, Bortezomib and Dexamethasone Versus Daratumumab, Bortezomib and Dexamethasone in Participants With Relapsed/Refractory Multiple Myeloma",2026-04-03,https://clinicaltrials.gov/study/NCT04246047,clinical_trial,auto_parsed_pending_review
ClinicalTrials.gov,MMAF,microtubule inhibitor,"Study of Carfilzomib, Lenalidomide, Dexamethasone and Belantamab Mafodotin in Multiple Myeloma",2026-04-13,https://clinicaltrials.gov/study/NCT04822337,clinical_trial,auto_parsed_pending_review
PubMed,MMAF,microtubule inhibitor,Can Belantamab mafodotin cause macro LDH?,2026-01-01,https://pubmed.ncbi.nlm.nih.gov/41988918/,paper,auto_parsed_pending_review
ClinicalTrials.gov,MMAF,microtubule inhibitor,A Study of Enfortumab Vedotin Alone or With Other Therapies for Treatment of Urothelial Cancer,2026-03-20,https://clinicaltrials.gov/study/NCT03288545,clinical_trial,auto_parsed_pending_review
News Search Seed,MMAF,microtubule inhibitor,MMAF / mafodotin 类 新闻/公司动态检索入口（待人工复核）,2026-01-01,https://news.google.com/search?q=MMAF+%2F+mafodotin+%E7%B1%BB+ADC+payload+company+news+clinical+update,news_search_seed,flagged_needs_review
ClinicalTrials.gov,MMAF,microtubule inhibitor,Clinical Study of Antibody-Drug Conjugate MYTX-011 in Subjects With Non-Small Cell Lung Cancer,2025-12-15,https://clinicaltrials.gov/study/NCT05652868,clinical_trial,auto_parsed_pending_review
ClinicalTrials.gov,MMAF,microtubule inhibitor,A Study of AGS-16C3F vs. Axitinib in Metastatic Renal Cell Carcinoma,2024-10-30,https://clinicaltrials.gov/study/NCT02639182,clinical_trial,auto_parsed_pending_review
ClinicalTrials.gov,MMAF,microtubule inhibitor,"A Study to Assess the Safety, Pharmacokinetics and Effectiveness of AGS-16C3F Monotherapy in Subjects With Renal Cell Carcinoma (RCC) of Clear Cell or Papillary Histology",2024-10-30,https://clinicaltrials.gov/study/NCT01672775,clinical_trial,auto_parsed_pending_review
OpenAlex,MMAF,microtubule inhibitor,Current positioning and future development of belantamab mafodotin and other antibody-drug conjugates to treat multiple myeloma,2026-06-10,https://doi.org/10.3389/fonc.2026.1822419,paper_metadata,auto_parsed_pending_review
PubMed,MMAF,microtubule inhibitor,Peptide-drug conjugates bearing an antimitotic Ahx-DA1 payload achieve potent antitumor activity in Her2-amplified and EGFR-positive KRAS-mutant cancers in vivo.,2026-01-01,https://pubmed.ncbi.nlm.nih.gov/42033924/,paper,auto_parsed_pending_review
PubMed,MMAF,microtubule inhibitor,7MeERT Enhances Antibody-Drug Conjugate Efficacy in Glioblastoma by Inducing AMPK-p38MAPK-Mediated Non-Canonical Endocytosis of EGFRvIII.,2026-01-01,https://pubmed.ncbi.nlm.nih.gov/42300319/,paper,auto_parsed_pending_review
PubMed,MMAF,microtubule inhibitor,Cutaneous adverse events with antibody-drug conjugates: a FAERS-based pharmacovigilance study.,2026-01-01,https://pubmed.ncbi.nlm.nih.gov/42266949/,paper,auto_parsed_pending_review
PubMed,MMAF,microtubule inhibitor,Rational payload selection enables high antitumoral efficacy of an anti-EGFR antibody-drug conjugate against ovarian tumors.,2026-01-01,https://pubmed.ncbi.nlm.nih.gov/41825107/,paper,auto_parsed_pending_review
PubMed,MMAF,microtubule inhibitor,Characterization of drug-drug interaction for antibody-drug conjugates and risk assessment using various approaches including physiologically based pharmacokinetic modeling.,2026-01-01,https://pubmed.ncbi.nlm.nih.gov/41671915/,paper,auto_parsed_pending_review
OpenAlex,MMAF,microtubule inhibitor,Antibody-Drug Conjugates (ADCs): Quantifying the Bystander Effect in Heterogeneous Tumour Microenvironments A Comprehensive Review,2026-06-09,https://doi.org/10.25258/ijddt.16.51s.61,paper_metadata,auto_parsed_pending_review
OpenAlex,MMAF,microtubule inhibitor,Cyanobacterial products with applications in health and industry,2026-06-11,https://doi.org/10.1007/s11101-026-10260-8,paper_metadata,auto_parsed_pending_review
OpenAlex,MMAF,microtubule inhibitor,"Antibody-drug conjugates in gynecologic malignancies: breakthroughs, challenges, and future directions",2026-06-15,https://doi.org/10.3389/fimmu.2026.1831465,paper_metadata,auto_parsed_pending_review
OpenAlex,MMAF,microtubule inhibitor,Figure 5 from Advanced CD276-Targeting Dual-Payload Antibody–Drug Conjugates for Cancer Therapy,2026-06-17,https://doi.org/10.1158/2767-9764.32702379,paper_metadata,auto_parsed_pending_review
OpenAlex,MMAF,microtubule inhibitor,Figure 2 from Advanced CD276-Targeting Dual-Payload Antibody–Drug Conjugates for Cancer Therapy,2026-06-17,https://doi.org/10.1158/2767-9764.32702391,paper_metadata,auto_parsed_pending_review
OpenAlex,MMAF,microtubule inhibitor,Figure 3 from Advanced CD276-Targeting Dual-Payload Antibody–Drug Conjugates for Cancer Therapy,2026-06-17,https://doi.org/10.1158/2767-9764.32702388,paper_metadata,auto_parsed_pending_review
OpenAlex,MMAF,microtubule inhibitor,Past present and future of radiosensitization in cervical cancer,2026-06-19,https://doi.org/10.3389/fonc.2026.1846581,paper_metadata,auto_parsed_pending_review
Crossref,MMAF,microtubule inhibitor,Targeting Efflux Pumps and Biofilm Formation in Multi-Drug Resistance Proteus Mirabilis Using Berberine and Nano-Based Compounds,2027-04-01,https://doi.org/10.21608/ejmm.2026.485691.2384,paper_metadata,flagged_needs_review
Crossref,MMAF,microtubule inhibitor,Evaluating circulating tumor DNA methylation patterns of a multi-gene panel for colorectal cancer diagnosis: A pilot study,2027-01-01,https://doi.org/10.1016/j.cca.2026.121191,paper_metadata,flagged_needs_review
Crossref,MMAF,microtubule inhibitor,Nanotechnology and drug delivery: Fundamentals and applications,2027-01-01,https://doi.org/10.1016/b978-0-443-44119-6.00017-3,paper_metadata,flagged_needs_review
Crossref,MMAF,microtubule inhibitor,"Folate/mannose dual-ligand lipid shell-coated ZnMnO2 nanoflowers for DRP-104 delivery, immunometabolic modulation, and enhanced lung cancer immunotherapy",2027-02-01,https://doi.org/10.1016/j.jmst.2026.05.034,paper_metadata,flagged_needs_review
Crossref,MMAF,microtubule inhibitor,Multiscale analysis of a mathematical model of human papillomavirus with combined therapy and progression to cervical cancer,2027-02-01,https://doi.org/10.1016/j.nonrwa.2026.104654,paper_metadata,flagged_needs_review
Crossref,MMAF,microtubule inhibitor,Traveling wave solutions in a reaction-diffusion within-host HIV epidemic model with distributed delays and drug therapy,2027-02-01,https://doi.org/10.1016/j.nonrwa.2026.104684,paper_metadata,flagged_needs_review
Crossref,MMAF,microtubule inhibitor,In Vitro Killing of Multi-Drug Resistant Microorganisms Isolated from Ventilator Associated Pneumonia by Nanoparticles,2027-04-01,https://doi.org/10.21608/ejmm.2026.481052.2331,paper_metadata,flagged_needs_review
Crossref,MMAF,microtubule inhibitor,Association of HOTAIR single Nucleotide Polymorphisms (rs920778 and rs12826786) with Breast Cancer: An Egyptian Study,2027-04-01,https://doi.org/10.21608/ejmm.2026.485454.2379,paper_metadata,flagged_needs_review
ClinicalTrials.gov,PBD,DNA crosslinking,A Study of Rovalpituzumab Tesirine (SC16LD6.5) in the Frontline Treatment of Patients With Extensive Stage Small Cell Lung Cancer,2020-03-11,https://clinicaltrials.gov/study/NCT02819999,clinical_trial,auto_parsed_pending_review
ClinicalTrials.gov,PBD,DNA crosslinking,Study of Rovalpituzumab Tesirine (SC16LD6.5) for Third-Line and Later Treatment of Subjects With Relapsed or Refractory Delta-Like Protein 3-Expressing Small Cell Lung Cancer,2021-07-28,https://clinicaltrials.gov/study/NCT02674568,clinical_trial,auto_parsed_pending_review
ClinicalTrials.gov,PBD,DNA crosslinking,"Safety and Antitumor Activity Study of Loncastuximab Tesirine and Durvalumab in Diffuse Large B-Cell, Mantle Cell, or Follicular Lymphoma",2021-09-28,https://clinicaltrials.gov/study/NCT03685344,clinical_trial,auto_parsed_pending_review
ClinicalTrials.gov,PBD,DNA crosslinking,A Study of Loncastuximab Tesirine and Rituximab (Lonca-R) in Previously Untreated Unfit/Frail Participants With Diffuse Large B-cell Lymphoma (DLBCL),2025-01-07,https://clinicaltrials.gov/study/NCT05144009,clinical_trial,auto_parsed_pending_review
ClinicalTrials.gov,PBD,DNA crosslinking,Study of Loncastuximab Tesirine in Patients With Relapsed/Refractory Diffuse Large B-Cell Lymphoma (DLBCL) or High-Grade B-Cell Lymphoma (HGBCL) Following CAR-T Therapy Failure,2025-04-02,https://clinicaltrials.gov/study/NCT06918912,clinical_trial,auto_parsed_pending_review
ClinicalTrials.gov,PBD,DNA crosslinking,Loncastuximab Tesirine and Rituximab Followed by DA-EPOCH-R for Treating Patients With High-Risk Diffuse Large B-cell Lymphoma,2025-11-19,https://clinicaltrials.gov/study/NCT05600686,clinical_trial,auto_parsed_pending_review
PubMed,PBD,DNA crosslinking,Efficacy and safety of loncastuximab tesirine in relapsed or refractory diffuse large B-cell lymphoma: a systematic review and meta-analysis.,2026-01-01,https://pubmed.ncbi.nlm.nih.gov/42244006/,paper,auto_parsed_pending_review
PubMed,PBD,DNA crosslinking,A PBD-dimer containing antibody drug conjugate targeting CCRL2 for high-risk MDS/AML including TP53-mutated disease.,2026-01-01,https://pubmed.ncbi.nlm.nih.gov/42160756/,paper,auto_parsed_pending_review
PubMed,PBD,DNA crosslinking,RSPO2-Based Peptibodies Conjugated with Pyrrolobenzodiazepine Dimer or Camptothecin Analogs Demonstrate Potent Antitumor Activity by Targeting the Three Receptors LGR4/5/6 in Colorectal Cancer and Neuroblastoma.,2026-01-01,https://pubmed.ncbi.nlm.nih.gov/41954225/,paper,auto_parsed_pending_review
Google Patents Search,PBD,DNA crosslinking,PBD / pyrrolobenzodiazepine 类 专利检索入口（待 IP 人工复核）,2026-01-01,https://patents.google.com/?q=PBD+%2F+pyrrolobenzodiazepine+%E7%B1%BB+antibody+drug+conjugate+payload+linker+patent,patent_search_seed,flagged_needs_review
PubMed,PBD,DNA crosslinking,Acquired bone marrow aplasia and long-lasting complete remission with Loncastuximab Tesirine in a patient with transformed marginal zone lymphoma: a case report.,2026-01-01,https://pubmed.ncbi.nlm.nih.gov/42113059/,paper,auto_parsed_pending_review
ClinicalTrials.gov,PBD,DNA crosslinking,A Global Study of Novel Agents in Paediatric and Adolescent Relapsed and Refractory B-cell Non-Hodgkin Lymphoma,2026-02-18,https://clinicaltrials.gov/study/NCT05991388,clinical_trial,auto_parsed_pending_review
News Search Seed,PBD,DNA crosslinking,PBD / pyrrolobenzodiazepine 类 新闻/公司动态检索入口（待人工复核）,2026-01-01,https://news.google.com/search?q=PBD+%2F+pyrrolobenzodiazepine+%E7%B1%BB+ADC+payload+company+news+clinical+update,news_search_seed,flagged_needs_review
ClinicalTrials.gov,PBD,DNA crosslinking,"A First-in-Human Phase I Trial With Antibody Drug Conjugate ADCT-701 in Neuroendocrine Tumors, Carcinomas and Malignant Peripheral Nerve Sheath Tumors",2026-06-12,https://clinicaltrials.gov/study/NCT06041516,clinical_trial,auto_parsed_pending_review
ClinicalTrials.gov,PBD,DNA crosslinking,Study of ADCT-402 in Patients With Relapsed or Refractory B-cell Lineage Acute Lymphoblastic Leukemia (B-ALL),2021-04-27,https://clinicaltrials.gov/study/NCT02669264,clinical_trial,auto_parsed_pending_review
ClinicalTrials.gov,PBD,DNA crosslinking,Study of ADCT-402 in Patients With Relapsed or Refractory B-cell Lineage Non Hodgkin Lymphoma (B-NHL),2021-04-27,https://clinicaltrials.gov/study/NCT02669017,clinical_trial,auto_parsed_pending_review
PubMed,PBD,DNA crosslinking,Development of Glypican-3-Targeting Antibody-Drug Conjugates for Hepatocellular Carcinoma Therapy.,2026-01-01,https://pubmed.ncbi.nlm.nih.gov/42302184/,paper,auto_parsed_pending_review
PubMed,PBD,DNA crosslinking,Identification of CADM1 as an Immunotherapeutic Target and Evaluation of a Novel CADM1-Targeting Antibody-Drug Conjugate in Preclinical Osteosarcoma Models.,2026-01-01,https://pubmed.ncbi.nlm.nih.gov/41517891/,paper,auto_parsed_pending_review
PubMed,PBD,DNA crosslinking,"Potent Anti-Tumor Activity of the AXL-Targeted Antibody-Drug Conjugate, Mipasetamab Uzoptirine (ADCT-601), in Preclinical Models of Adenoid Cystic Carcinoma.",2026-01-01,https://pubmed.ncbi.nlm.nih.gov/42179207/,paper,auto_parsed_pending_review
PubMed,PBD,DNA crosslinking,"Potent anti-tumor activity of the AXL-targeted antibody-drug conjugate, mipasetamab uzoptirine (ADCT-601), in preclinical models of adenoid cystic carcinoma.",2026-01-01,https://pubmed.ncbi.nlm.nih.gov/42085627/,paper,auto_parsed_pending_review
PubMed,PBD,DNA crosslinking,Prevalence of antibody drug conjugated-induced nausea and vomiting (ADCINV) in patients with cancer.,2026-01-01,https://pubmed.ncbi.nlm.nih.gov/42068413/,paper,auto_parsed_pending_review
PubMed,PBD,DNA crosslinking,"Global, regional, and national burden of breast cancer among females, 1990-2023, with forecasts to 2050: a systematic analysis for the Global Burden of Disease Study 2023.",2026-01-01,https://pubmed.ncbi.nlm.nih.gov/41785894/,paper,auto_parsed_pending_review
OpenAlex,PBD,DNA crosslinking,Advancements in Immune Checkpoint-Based Immunotherapy for Triple-Negative Breast Cancer,2026-06-12,https://doi.org/10.3390/cimb48060615,paper_metadata,auto_parsed_pending_review
OpenAlex,PBD,DNA crosslinking,Trial watch: antibody-drug conjugates in cancer therapy,2026-05-03,https://doi.org/10.1080/2162402x.2026.2667160,paper_metadata,auto_parsed_pending_review
OpenAlex,PBD,DNA crosslinking,"Antibody-Drug Conjugates in Oncology: Mechanisms, Clinical Progress, and Future Directions",2026-05-12,https://doi.org/10.66505/cbtt.v1i2.32,paper_metadata,auto_parsed_pending_review
OpenAlex,PBD,DNA crosslinking,Exploiting signal transduction pathways for cancer therapy: insights from natural products in preclinical models,2026-05-20,https://doi.org/10.3389/fphar.2026.1804164,paper_metadata,auto_parsed_pending_review
OpenAlex,PBD,DNA crosslinking,Stabilization of Antibody Drug Conjugate (ADC) products by lyophilization: a review,2026-05-24,https://doi.org/10.1186/s41120-026-00161-7,paper_metadata,auto_parsed_pending_review
OpenAlex,PBD,DNA crosslinking,Antibody-Drug Conjugates (ADCs): Quantifying the Bystander Effect in Heterogeneous Tumour Microenvironments A Comprehensive Review,2026-06-09,https://doi.org/10.25258/ijddt.16.51s.61,paper_metadata,auto_parsed_pending_review
OpenAlex,PBD,DNA crosslinking,Current positioning and future development of belantamab mafodotin and other antibody-drug conjugates to treat multiple myeloma,2026-06-10,https://doi.org/10.3389/fonc.2026.1822419,paper_metadata,auto_parsed_pending_review
OpenAlex,PBD,DNA crosslinking,Development of Glypican-3-Targeting Antibody-Drug Conjugates for Hepatocellular Carcinoma Therapy,2026-06-16,https://doi.org/10.1158/2767-9764.crc-26-0139,paper_metadata,auto_parsed_pending_review
Crossref,PBD,DNA crosslinking,Targeting Efflux Pumps and Biofilm Formation in Multi-Drug Resistance Proteus Mirabilis Using Berberine and Nano-Based Compounds,2027-04-01,https://doi.org/10.21608/ejmm.2026.485691.2384,paper_metadata,flagged_needs_review
Crossref,PBD,DNA crosslinking,Evaluating circulating tumor DNA methylation patterns of a multi-gene panel for colorectal cancer diagnosis: A pilot study,2027-01-01,https://doi.org/10.1016/j.cca.2026.121191,paper_metadata,flagged_needs_review
Crossref,PBD,DNA crosslinking,A study of the Effect of Radiotherapy and Chemotherapy on some Immunological Parameters in Breast Cancer Patients,2027-01-01,https://doi.org/10.21608/ejmm.2026.467222.2183,paper_metadata,flagged_needs_review
Crossref,PBD,DNA crosslinking,"Folate/mannose dual-ligand lipid shell-coated ZnMnO2 nanoflowers for DRP-104 delivery, immunometabolic modulation, and enhanced lung cancer immunotherapy",2027-02-01,https://doi.org/10.1016/j.jmst.2026.05.034,paper_metadata,flagged_needs_review
Crossref,PBD,DNA crosslinking,Multiscale analysis of a mathematical model of human papillomavirus with combined therapy and progression to cervical cancer,2027-02-01,https://doi.org/10.1016/j.nonrwa.2026.104654,paper_metadata,flagged_needs_review
Crossref,PBD,DNA crosslinking,Traveling wave solutions in a reaction-diffusion within-host HIV epidemic model with distributed delays and drug therapy,2027-02-01,https://doi.org/10.1016/j.nonrwa.2026.104684,paper_metadata,flagged_needs_review
Crossref,PBD,DNA crosslinking,In Vitro Killing of Multi-Drug Resistant Microorganisms Isolated from Ventilator Associated Pneumonia by Nanoparticles,2027-04-01,https://doi.org/10.21608/ejmm.2026.481052.2331,paper_metadata,flagged_needs_review
Crossref,PBD,DNA crosslinking,Association of HOTAIR single Nucleotide Polymorphisms (rs920778 and rs12826786) with Breast Cancer: An Egyptian Study,2027-04-01,https://doi.org/10.21608/ejmm.2026.485454.2379,paper_metadata,flagged_needs_review
ClinicalTrials.gov,SN-38,TOP1 inhibitor,Study of Sacituzumab Govitecan-hziy (IMMU-132) in Adults With Epithelial Cancer,2021-08-10,https://clinicaltrials.gov/study/NCT01631552,clinical_trial,auto_parsed_pending_review
ClinicalTrials.gov,SN-38,TOP1 inhibitor,The Efficacy of TROP2-ADC in Advanced Extrapulmonary High-Grade Neuroendocrine Neoplasms Failure of Standard Therapy,2025-07-20,https://clinicaltrials.gov/study/NCT07077564,clinical_trial,auto_parsed_pending_review
PubMed,SN-38,TOP1 inhibitor,"Salt form and phosphate modification of an SN-38-nitrogen mustard conjugate: Overcoming water solubility limitations, combined efficacy, and broadened antitumor Spectrum.",2026-01-01,https://pubmed.ncbi.nlm.nih.gov/41865567/,paper,auto_parsed_pending_review
PubMed,SN-38,TOP1 inhibitor,Combined positive score status in metastatic triple-negative breast cancer patients treated with sacituzumab govitecan: associated clinical characteristics and testing patterns in a Central European cohort.,2026-01-01,https://pubmed.ncbi.nlm.nih.gov/41627638/,paper,auto_parsed_pending_review
PubMed,SN-38,TOP1 inhibitor,Multicenter Retrospective Analysis of the Safety and Efficacy of Sacituzumab Govitecan Combined With Radiation Therapy: The French ATTENTION Study.,2026-01-01,https://pubmed.ncbi.nlm.nih.gov/41391611/,paper,auto_parsed_pending_review
PubMed,SN-38,TOP1 inhibitor,SACI-IO HR+: A randomized phase II trial of sacituzumab govitecan with or without pembrolizumab in patients with metastatic hormone receptor-positive/HER2-negative breast cancer.,2026-01-01,https://pubmed.ncbi.nlm.nih.gov/42323161/,paper,auto_parsed_pending_review
Google Patents Search,SN-38,TOP1 inhibitor,SN-38 / govitecan 类 专利检索入口（待 IP 人工复核）,2026-01-01,https://patents.google.com/?q=SN-38+%2F+govitecan+%E7%B1%BB+antibody+drug+conjugate+payload+linker+patent,patent_search_seed,flagged_needs_review
ClinicalTrials.gov,SN-38,TOP1 inhibitor,A Study of Sacituzumab Govitecan in Combination With Cetuximab in People With Head and Neck Squamous Cell Cancer (HNSCC),2026-02-17,https://clinicaltrials.gov/study/NCT07063212,clinical_trial,auto_parsed_pending_review
ClinicalTrials.gov,SN-38,TOP1 inhibitor,Study to Evaluate Sacituzumab Govitecan in Combination With Talazoparib in Patients With Metastatic Breast Cancer.,2026-03-13,https://clinicaltrials.gov/study/NCT04039230,clinical_trial,auto_parsed_pending_review
ClinicalTrials.gov,SN-38,TOP1 inhibitor,Personalized Antibody-Drug Conjugate Therapy Based on RNA and Protein Testing for the Treatment of Advanced or Metastatic Solid Tumors (The ADC MATCH Screening and Treatment Trial),2026-06-16,https://clinicaltrials.gov/study/NCT06311214,clinical_trial,auto_parsed_pending_review
News Search Seed,SN-38,TOP1 inhibitor,SN-38 / govitecan 类 新闻/公司动态检索入口（待人工复核）,2026-01-01,https://news.google.com/search?q=SN-38+%2F+govitecan+%E7%B1%BB+ADC+payload+company+news+clinical+update,news_search_seed,flagged_needs_review
ClinicalTrials.gov,SN-38,TOP1 inhibitor,A Study of FDA018-ADC in Patients With Advanced Solid Tumors,2026-01-21,https://clinicaltrials.gov/study/NCT05174637,clinical_trial,auto_parsed_pending_review
ClinicalTrials.gov,SN-38,TOP1 inhibitor,"A Clinical Study to Evaluate Injection TQB2102 for the Treatment of Patients With HER2 IHC3+ Advanced Colorectal Cancer Who Progressed After Treatment With Oxaliplatin, Irinotecan and Fluoropyrimidine-Based Drugs",2026-03-17,https://clinicaltrials.gov/study/NCT07483684,clinical_trial,auto_parsed_pending_review
ClinicalTrials.gov,SN-38,TOP1 inhibitor,Testing the Addition of an Individualized Vaccine to Durvalumab and Tremelimumab and Chemotherapy in Patients With Metastatic Triple Negative Breast Cancer,2026-06-11,https://clinicaltrials.gov/study/NCT03606967,clinical_trial,auto_parsed_pending_review
ClinicalTrials.gov,SN-38,TOP1 inhibitor,Phase 2 Study of CA102N Combined With TAS-102 Compared to Bevacizumab Combined With TAS-102 in Subjects With Relapsed and/or Refractory Metastatic Colorectal Cancer,2023-09-08,https://clinicaltrials.gov/study/NCT06039202,clinical_trial,auto_parsed_pending_review
ClinicalTrials.gov,SN-38,TOP1 inhibitor,Study of IMMU-130 in Patients With Relapsed/Refractory Colorectal Cancer,2021-08-12,https://clinicaltrials.gov/study/NCT01270698,clinical_trial,auto_parsed_pending_review
PubMed,SN-38,TOP1 inhibitor,A preliminary exploratory clinical study of Xiao-Chai-Hu-Tang co-administered with irinotecan-based chemotherapy in advanced colorectal cancer.,2026-01-01,https://pubmed.ncbi.nlm.nih.gov/42002120/,paper,auto_parsed_pending_review
PubMed,SN-38,TOP1 inhibitor,"Harnessing human colonoid-derived monolayers as an in vitro platform for investigating accumulation, toxicity, and pharmacodynamics of small molecules.",2026-01-01,https://pubmed.ncbi.nlm.nih.gov/41796873/,paper,auto_parsed_pending_review
PubMed,SN-38,TOP1 inhibitor,Dual benefits of Xiao Chai Hu Tang and its active compounds in CPT-11 therapy: intestinal protection via barrier restoration and anti-inflammation combined with enhanced tumor apoptosis.,2026-01-01,https://pubmed.ncbi.nlm.nih.gov/41932664/,paper,auto_parsed_pending_review
PubMed,SN-38,TOP1 inhibitor,Toward targeting the untargetable: A non-canonical EGFR-peptide-drug conjugate achieves potent antitumor activity in KRAS-mutant CRC.,2026-01-01,https://pubmed.ncbi.nlm.nih.gov/42103029/,paper,auto_parsed_pending_review
PubMed,SN-38,TOP1 inhibitor,Prognostic impact of TROP2 in adenocarcinoma of the esophageal junction and stomach.,2026-01-01,https://pubmed.ncbi.nlm.nih.gov/41533296/,paper,auto_parsed_pending_review
PubMed,SN-38,TOP1 inhibitor,Dynamic monitoring of antibody drug conjugates targeting TROP2 or HER2 in breast cancer using circulating tumor cells.,2026-01-01,https://pubmed.ncbi.nlm.nih.gov/42308036/,paper,auto_parsed_pending_review
OpenAlex,SN-38,TOP1 inhibitor,Tumor microenvironment conversion through intelligent nanomedicine: a paradigm shift in overcoming chemoresistance,2026-06-17,https://doi.org/10.3389/fonc.2026.1812990,paper_metadata,auto_parsed_pending_review
OpenAlex,SN-38,TOP1 inhibitor,A super-inert near-infrared fluorescent rotaxane dye for surgical navigation,2026-06-12,https://doi.org/10.1038/s41566-026-01945-9,paper_metadata,auto_parsed_pending_review
OpenAlex,SN-38,TOP1 inhibitor,Pan-cancer multi-omic integration of Trop2 reveals biological determinants and translational implications for ADC therapy,2026-06-15,https://doi.org/10.1038/s41698-026-01523-w,paper_metadata,auto_parsed_pending_review
OpenAlex,SN-38,TOP1 inhibitor,"Antibody-drug conjugates in gynecologic malignancies: breakthroughs, challenges, and future directions",2026-06-15,https://doi.org/10.3389/fimmu.2026.1831465,paper_metadata,auto_parsed_pending_review
OpenAlex,SN-38,TOP1 inhibitor,Advances in Targeted Pyrazinamide Delivery via Functionalized Chitosan Nanoparticles,2026-06-17,https://doi.org/10.25258/ijddt.16.55s.34,paper_metadata,auto_parsed_pending_review
OpenAlex,SN-38,TOP1 inhibitor,"Unveiling natural anti-inflammatory compounds for sinusitis treatments by modulating FOXP3, C5aR1, and LIF",2026-06-17,https://doi.org/10.3389/fimmu.2026.1792658,paper_metadata,auto_parsed_pending_review
OpenAlex,SN-38,TOP1 inhibitor,Dynamic monitoring of antibody drug conjugates targeting TROP2 or HER2 in breast cancer using circulating tumor cells,2026-06-17,https://doi.org/10.1073/pnas.2601563123,paper_metadata,auto_parsed_pending_review
OpenAlex,SN-38,TOP1 inhibitor,Nanoparticles that target nonamyloid and nontau pathways in Alzheimer’s disease,2026-06-18,https://doi.org/10.1186/s11671-026-04747-8,paper_metadata,auto_parsed_pending_review
Crossref,SN-38,TOP1 inhibitor,In Vitro Killing of Multi-Drug Resistant Microorganisms Isolated from Ventilator Associated Pneumonia by Nanoparticles,2027-04-01,https://doi.org/10.21608/ejmm.2026.481052.2331,paper_metadata,flagged_needs_review
Crossref,SN-38,TOP1 inhibitor,【預刊】（39卷）基層官僚、裁量權以及官僚代表性：臺灣桃園市社會行政與原住民急難救助的個案研究,2027-06-01,https://doi.org/10.53106/1018189x202512002,paper_metadata,flagged_needs_review
Crossref,SN-38,TOP1 inhibitor,"【預刊】（39卷）Competition, Foreign Ownership and Welfare in a Mixed Duopoly",2027-06-01,https://doi.org/10.53106/1018189x202510101,paper_metadata,flagged_needs_review
Crossref,SN-38,TOP1 inhibitor,【預刊】（39卷）Does Reducing Ability Tracking Improve Equity at the Cost of Student Achievement? Evidence from Taiwan’s High School Admission Reform,2027-06-01,https://doi.org/10.53106/1018189x202603001,paper_metadata,flagged_needs_review
Crossref,SN-38,TOP1 inhibitor,العَقلُ بينَ التقييد والإطلاق في الفِكر الاسلامي,2027-07-01,https://doi.org/10.21608/aakj.2026.470958.2366,paper_metadata,flagged_needs_review
Crossref,SN-38,TOP1 inhibitor,حقُّ المرأة في مخالعة الزوج في ضوء الفقه الإسلامي,2027-07-01,https://doi.org/10.21608/aakj.2026.470910.2365,paper_metadata,flagged_needs_review
Crossref,SN-38,TOP1 inhibitor,تنظيم الذات والتجول العقلي لدى التلاميذ ذوي صعوبات التعلم الأكاديمية والعاديين (دراسة: ارتباطية مقارنة),2027-07-01,https://doi.org/10.21608/aakj.2026.474163.2379,paper_metadata,flagged_needs_review
Crossref,SN-38,TOP1 inhibitor,"Chapter 2. Rule of the Roast: Pewter Platters, Chargers of Clay",2027-12-31,https://doi.org/10.9783/9781512830057-006,paper_metadata,flagged_needs_review
